name,email,year,month,day
Joseph,jmkl0987@gmail.com,2003,5,3
Martin KL,martinlonakunhi@gmail.com,1970,4,4
Jisha Martin,jishamartinkolapren@gmail.com,1975,9,6
Aryan Choudhary,aryanc193@gmail.com,2003,9,1
Aryan Chouksey,ayushchauksey08@gmail.com,2004,9,16
Aniket Dhakhane,aniketdhakane3@gmail.com,2001,12,26
Aditya Mahale,mahaleaditya2003@gmail.com,2003,4,6
John Martin,johnmartinkl@gmail.com,2001,3,7